{
  "agent": "summary_agent",
  "timestamp": "20250706_132237",
  "metrics": {
    "tokens": {
      "min": 2,
      "max": 947,
      "mean": 265.0,
      "std": 351.3072017479858,
      "count": 16,
      "last_value": 911,
      "p50": 8.0,
      "p90": 750.5,
      "p95": 920.0,
      "p99": 941.6
    },
    "cpu": {
      "min": 0.0,
      "max": 0.0,
      "mean": 0.0,
      "std": 0.0,
      "count": 12,
      "last_value": 0.0,
      "p50": 0.0,
      "p90": 0.0,
      "p95": 0.0,
      "p99": 0.0
    },
    "errors": {
      "min": 1,
      "max": 1,
      "mean": 1.0,
      "std": 0.0,
      "count": 16,
      "last_value": 1,
      "p50": 1.0,
      "p90": 1.0,
      "p95": 1.0,
      "p99": 1.0
    },
    "total": {
      "min": 0.00077484,
      "max": 0.0030304,
      "mean": 0.0018748099999999998,
      "std": 0.0010987460490486415,
      "count": 4,
      "last_value": 0.0029151999999999997,
      "p50": 0.001847,
      "p90": 0.00299584,
      "p95": 0.0030131199999999998,
      "p99": 0.0030269439999999997
    },
    "memory": {
      "min": 425984,
      "max": 484835328,
      "mean": 309895168.0,
      "std": 169512108.08726367,
      "count": 16,
      "last_value": 425984,
      "p50": 376659968.0,
      "p90": 479977472.0,
      "p95": 482193408.0,
      "p99": 484306944.0
    },
    "latency": {
      "min": 2.301279067993164,
      "max": 4.8260579109191895,
      "mean": 3.548062801361084,
      "std": 1.2363651905540964,
      "count": 4,
      "last_value": 2.3228771686553955,
      "p50": 3.532457113265991,
      "p90": 4.800851655006409,
      "p95": 4.813454782962799,
      "p99": 4.8235372853279115
    },
    "cost": {
      "min": 0.0,
      "max": 0.0015152,
      "mean": 0.00023435124999999997,
      "std": 0.000490116522011284,
      "count": 16,
      "last_value": 0.0014575999999999999,
      "p50": 0.0,
      "p90": 0.0009235,
      "p95": 0.0014719999999999998,
      "p99": 0.0015065599999999999
    }
  }
}