{
  "agent": "summary_agent",
  "timestamp": "20250706_132829",
  "metrics": {
    "tokens": {
      "min": 2,
      "max": 947,
      "mean": 392.5576923076923,
      "std": 291.3908565603633,
      "count": 52,
      "last_value": 481,
      "p50": 444.5,
      "p90": 760.5999999999999,
      "p95": 911.0,
      "p99": 947.0
    },
    "cpu": {
      "min": 0.0,
      "max": 0.0,
      "mean": 0.0,
      "std": 0.0,
      "count": 30,
      "last_value": 0.0,
      "p50": 0.0,
      "p90": 0.0,
      "p95": 0.0,
      "p99": 0.0
    },
    "errors": {
      "min": 1,
      "max": 1,
      "mean": 1.0,
      "std": 0.0,
      "count": 16,
      "last_value": 1,
      "p50": 1.0,
      "p90": 1.0,
      "p95": 1.0,
      "p99": 1.0
    },
    "total": {
      "min": 0.0005834400000000001,
      "max": 0.0030304,
      "mean": 0.00149532,
      "std": 0.0008615147606185491,
      "count": 22,
      "last_value": 0.0015392000000000001,
      "p50": 0.0011791599999999998,
      "p90": 0.0029151999999999997,
      "p95": 0.00302464,
      "p99": 0.0030304
    },
    "memory": {
      "min": -71663616,
      "max": 485638144,
      "mean": 236657112.6153846,
      "std": 201818681.4872964,
      "count": 52,
      "last_value": 81920,
      "p50": 373161984.0,
      "p90": 479187763.2,
      "p95": 482897920.0,
      "p99": 485554585.6
    },
    "latency": {
      "min": 0.007552146911621094,
      "max": 4.8260579109191895,
      "mean": 1.769918756051497,
      "std": 1.6043146462629962,
      "count": 22,
      "last_value": 0.6794140338897705,
      "p50": 1.3235604763031006,
      "p90": 4.232216572761537,
      "p95": 4.7198786497116085,
      "p99": 4.808413531780243
    },
    "cost": {
      "min": 0.0,
      "max": 0.0015152,
      "mean": 0.0003163176923076923,
      "std": 0.00046362046874661215,
      "count": 52,
      "last_value": 0.0007696000000000001,
      "p50": 0.0,
      "p90": 0.0011225599999999997,
      "p95": 0.0014575999999999999,
      "p99": 0.0015152
    }
  }
}