{
  "agent": "summary_agent",
  "timestamp": "20250706_132341",
  "metrics": {
    "tokens": {
      "min": 2,
      "max": 947,
      "mean": 404.375,
      "std": 342.30795254419667,
      "count": 32,
      "last_value": 712,
      "p50": 508.0,
      "p90": 896.5000000000003,
      "p95": 927.1999999999999,
      "p99": 947.0
    },
    "cpu": {
      "min": 0.0,
      "max": 0.0,
      "mean": 0.0,
      "std": 0.0,
      "count": 20,
      "last_value": 0.0,
      "p50": 0.0,
      "p90": 0.0,
      "p95": 0.0,
      "p99": 0.0
    },
    "errors": {
      "min": 1,
      "max": 1,
      "mean": 1.0,
      "std": 0.0,
      "count": 16,
      "last_value": 1,
      "p50": 1.0,
      "p90": 1.0,
      "p95": 1.0,
      "p99": 1.0
    },
    "total": {
      "min": 0.00077484,
      "max": 0.0030304,
      "mean": 0.0017981266666666667,
      "std": 0.0009748961332481641,
      "count": 12,
      "last_value": 0.0022784,
      "p50": 0.0016447599999999999,
      "p90": 0.00301888,
      "p95": 0.0030304,
      "p99": 0.0030304
    },
    "memory": {
      "min": 65536,
      "max": 485638144,
      "mean": 259415552.0,
      "std": 196939283.3048058,
      "count": 32,
      "last_value": 65536,
      "p50": 376659968.0,
      "p90": 481045708.8,
      "p95": 485122867.2,
      "p99": 485587353.6
    },
    "latency": {
      "min": 0.007552146911621094,
      "max": 4.8260579109191895,
      "mean": 1.605995774269104,
      "std": 1.7860596429858817,
      "count": 12,
      "last_value": 0.016124725341796875,
      "p50": 0.9881086349487305,
      "p90": 4.572149848937989,
      "p95": 4.779846441745758,
      "p99": 4.816815617084504
    },
    "cost": {
      "min": 0.0,
      "max": 0.0015152,
      "mean": 0.00033714874999999994,
      "std": 0.0005277792208854357,
      "count": 32,
      "last_value": 0.0011392,
      "p50": 0.0,
      "p90": 0.0014257600000000005,
      "p95": 0.0014835199999999999,
      "p99": 0.0015152
    }
  }
}