{
  "agent": "summary_agent",
  "timestamp": "20250706_132824",
  "metrics": {
    "tokens": {
      "min": 2,
      "max": 947,
      "mean": 394.7708333333333,
      "std": 299.63667162521824,
      "count": 48,
      "last_value": 533,
      "p50": 444.5,
      "p90": 766.0,
      "p95": 911.0,
      "p99": 947.0
    },
    "cpu": {
      "min": 0.0,
      "max": 0.0,
      "mean": 0.0,
      "std": 0.0,
      "count": 28,
      "last_value": 0.0,
      "p50": 0.0,
      "p90": 0.0,
      "p95": 0.0,
      "p99": 0.0
    },
    "errors": {
      "min": 1,
      "max": 1,
      "mean": 1.0,
      "std": 0.0,
      "count": 16,
      "last_value": 1,
      "p50": 1.0,
      "p90": 1.0,
      "p95": 1.0,
      "p99": 1.0
    },
    "total": {
      "min": 0.0005834400000000001,
      "max": 0.0030304,
      "mean": 0.0015354860000000002,
      "std": 0.0008825142938015224,
      "count": 20,
      "last_value": 0.0017055999999999998,
      "p50": 0.0011791599999999998,
      "p90": 0.00292672,
      "p95": 0.0030304,
      "p99": 0.0030304
    },
    "memory": {
      "min": -71663616,
      "max": 485638144,
      "mean": 241244501.33333334,
      "std": 203450809.4088173,
      "count": 48,
      "last_value": 49152,
      "p50": 375832576.0,
      "p90": 479361433.6,
      "p95": 483602432.0,
      "p99": 485561139.2
    },
    "latency": {
      "min": 0.007552146911621094,
      "max": 4.8260579109191895,
      "mean": 1.779443120956421,
      "std": 1.6526208650125391,
      "count": 20,
      "last_value": 0.7180531024932861,
      "p50": 1.3235604763031006,
      "p90": 4.343185710906983,
      "p95": 4.746238100528717,
      "p99": 4.810093948841095
    },
    "cost": {
      "min": 0.0,
      "max": 0.0015152,
      "mean": 0.0003198929166666666,
      "std": 0.0004737006949803076,
      "count": 48,
      "last_value": 0.0008527999999999999,
      "p50": 0.0,
      "p90": 0.0011392,
      "p95": 0.0014575999999999999,
      "p99": 0.0015152
    }
  }
}