{
  "agent": "research_agent",
  "timestamp": "20250706_132241",
  "metrics": {
    "tokens": {
      "min": 2,
      "max": 947,
      "mean": 296.3888888888889,
      "std": 350.55751452173195,
      "count": 18,
      "last_value": 766,
      "p50": 8.0,
      "p90": 809.5000000000001,
      "p95": 916.4,
      "p99": 940.8799999999999
    },
    "cpu": {
      "min": 0.0,
      "max": 0.0,
      "mean": 0.0,
      "std": 0.0,
      "count": 13,
      "last_value": 0.0,
      "p50": 0.0,
      "p90": 0.0,
      "p95": 0.0,
      "p99": 0.0
    },
    "errors": {
      "min": 1,
      "max": 1,
      "mean": 1.0,
      "std": 0.0,
      "count": 16,
      "last_value": 1,
      "p50": 1.0,
      "p90": 1.0,
      "p95": 1.0,
      "p99": 1.0
    },
    "total": {
      "min": 0.00077484,
      "max": 0.0030304,
      "mean": 0.0017020719999999996,
      "std": 0.0010417043586430845,
      "count": 5,
      "last_value": 0.00101112,
      "p50": 0.00101112,
      "p90": 0.00298432,
      "p95": 0.0030073599999999997,
      "p99": 0.003025792
    },
    "memory": {
      "min": 65536,
      "max": 485474304,
      "mean": 302436807.1111111,
      "std": 180365496.48885673,
      "count": 18,
      "last_value": 65536,
      "p50": 376659968.0,
      "p90": 482369536.0,
      "p95": 484931174.4,
      "p99": 485365678.08
    },
    "latency": {
      "min": 2.301279067993164,
      "max": 4.8260579109191895,
      "mean": 3.4470832347869873,
      "std": 1.124129262581961,
      "count": 5,
      "last_value": 3.0431649684906006,
      "p50": 3.0431649684906006,
      "p90": 4.792449569702148,
      "p95": 4.809253740310669,
      "p99": 4.8226970767974855
    },
    "cost": {
      "min": 0.0,
      "max": 0.0015152,
      "mean": 0.00023639888888888884,
      "std": 0.0004697414481498056,
      "count": 18,
      "last_value": 0.00050556,
      "p50": 0.0,
      "p90": 0.0007911720000000006,
      "p95": 0.0014662399999999997,
      "p99": 0.0015054079999999997
    }
  }
}