{
  "agent": "research_agent",
  "timestamp": "20250706_132226",
  "metrics": {
    "tokens": {
      "min": 2,
      "max": 587,
      "mean": 62.3,
      "std": 174.92058197936572,
      "count": 10,
      "last_value": 587,
      "p50": 2.0,
      "p90": 65.89999999999979,
      "p95": 326.44999999999936,
      "p99": 534.8900000000001
    },
    "cpu": {
      "min": 0.0,
      "max": 0.0,
      "mean": 0.0,
      "std": 0.0,
      "count": 9,
      "last_value": 0.0,
      "p50": 0.0,
      "p90": 0.0,
      "p95": 0.0,
      "p99": 0.0
    },
    "errors": {
      "min": 1,
      "max": 1,
      "mean": 1.0,
      "std": 0.0,
      "count": 16,
      "last_value": 1,
      "p50": 1.0,
      "p90": 1.0,
      "p95": 1.0,
      "p99": 1.0
    },
    "total": {
      "min": 0.00077484,
      "max": 0.00077484,
      "mean": 0.00077484,
      "std": 0.0,
      "count": 1,
      "last_value": 0.00077484,
      "p50": 0.00077484,
      "p90": 0.00077484,
      "p95": 0.00077484,
      "p99": 0.00077484
    },
    "memory": {
      "min": 101040128,
      "max": 384679936,
      "mean": 350850252.8,
      "std": 83374347.54856016,
      "count": 10,
      "last_value": 101040128,
      "p50": 376659968.0,
      "p90": 383927910.4,
      "p95": 384303923.2,
      "p99": 384604733.44
    },
    "latency": {
      "min": 4.742037057876587,
      "max": 4.742037057876587,
      "mean": 4.742037057876587,
      "std": 0.0,
      "count": 1,
      "last_value": 4.742037057876587,
      "p50": 4.742037057876587,
      "p90": 4.742037057876587,
      "p95": 4.742037057876587,
      "p99": 4.742037057876587
    },
    "cost": {
      "min": 0.0,
      "max": 0.00038742,
      "mean": 3.8741999999999996e-05,
      "std": 0.00011622600000000001,
      "count": 10,
      "last_value": 0.00038742,
      "p50": 0.0,
      "p90": 3.874199999999986e-05,
      "p95": 0.00021308099999999957,
      "p99": 0.0003525522
    }
  }
}