{
  "agent": "summary_agent",
  "timestamp": "20250706_132819",
  "metrics": {
    "tokens": {
      "min": 2,
      "max": 947,
      "mean": 394.0681818181818,
      "std": 308.0547765434577,
      "count": 44,
      "last_value": 473,
      "p50": 439.5,
      "p90": 766.0,
      "p95": 911.0,
      "p99": 947.0
    },
    "cpu": {
      "min": 0.0,
      "max": 0.0,
      "mean": 0.0,
      "std": 0.0,
      "count": 26,
      "last_value": 0.0,
      "p50": 0.0,
      "p90": 0.0,
      "p95": 0.0,
      "p99": 0.0
    },
    "errors": {
      "min": 1,
      "max": 1,
      "mean": 1.0,
      "std": 0.0,
      "count": 16,
      "last_value": 1,
      "p50": 1.0,
      "p90": 1.0,
      "p95": 1.0,
      "p99": 1.0
    },
    "total": {
      "min": 0.0005834400000000001,
      "max": 0.0030304,
      "mean": 0.001571886666666667,
      "std": 0.0009080711438844179,
      "count": 18,
      "last_value": 0.0015136000000000001,
      "p50": 0.0011791599999999998,
      "p90": 0.00294976,
      "p95": 0.0030304,
      "p99": 0.0030304
    },
    "memory": {
      "min": -71663616,
      "max": 485638144,
      "mean": 247590167.27272728,
      "std": 203194688.6185755,
      "count": 44,
      "last_value": 32768,
      "p50": 376659968.0,
      "p90": 479512166.4,
      "p95": 484306944.0,
      "p99": 485567692.8
    },
    "latency": {
      "min": 0.007552146911621094,
      "max": 4.8260579109191895,
      "mean": 1.7789570622973971,
      "std": 1.7054058462438715,
      "count": 18,
      "last_value": 0.7696890830993652,
      "p50": 1.3235604763031006,
      "p90": 4.431819343566895,
      "p95": 4.754640185832977,
      "p99": 4.811774365901947
    },
    "cost": {
      "min": 0.0,
      "max": 0.0015152,
      "mean": 0.0003215222727272727,
      "std": 0.00048337884790702787,
      "count": 44,
      "last_value": 0.0007568000000000001,
      "p50": 0.0,
      "p90": 0.0011392,
      "p95": 0.0014575999999999999,
      "p99": 0.0015152
    }
  }
}