{
  "agent": "research_agent",
  "timestamp": "20250706_132811",
  "metrics": {
    "tokens": {
      "min": 2,
      "max": 947,
      "mean": 398.5,
      "std": 327.0736075210626,
      "count": 38,
      "last_value": 442,
      "p50": 479.0,
      "p90": 809.5000000000006,
      "p95": 916.4,
      "p99": 947.0
    },
    "cpu": {
      "min": 0.0,
      "max": 0.0,
      "mean": 0.0,
      "std": 0.0,
      "count": 23,
      "last_value": 0.0,
      "p50": 0.0,
      "p90": 0.0,
      "p95": 0.0,
      "p99": 0.0
    },
    "errors": {
      "min": 1,
      "max": 1,
      "mean": 1.0,
      "std": 0.0,
      "count": 16,
      "last_value": 1,
      "p50": 1.0,
      "p90": 1.0,
      "p95": 1.0,
      "p99": 1.0
    },
    "total": {
      "min": 0.0005834400000000001,
      "max": 0.0030304,
      "mean": 0.001653304,
      "std": 0.0009594784210656676,
      "count": 15,
      "last_value": 0.0005834400000000001,
      "p50": 0.00101112,
      "p90": 0.00298432,
      "p95": 0.0030304,
      "p99": 0.0030304
    },
    "memory": {
      "min": -71663616,
      "max": 485638144,
      "mean": 254401266.52631578,
      "std": 202205155.99797836,
      "count": 38,
      "last_value": -71663616,
      "p50": 376659968.0,
      "p90": 480131481.6,
      "p95": 484931174.4,
      "p99": 485577523.2
    },
    "latency": {
      "min": 0.007552146911621094,
      "max": 4.8260579109191895,
      "mean": 1.7967464764912924,
      "std": 1.7636838231807626,
      "count": 15,
      "last_value": 2.600861072540283,
      "p50": 1.867603063583374,
      "p90": 4.5647697925567625,
      "p95": 4.7672433137893675,
      "p99": 4.814294991493225
    },
    "cost": {
      "min": 0.0,
      "max": 0.0015152,
      "mean": 0.00032630999999999996,
      "std": 0.0005040983711591053,
      "count": 38,
      "last_value": 0.00029172000000000003,
      "p50": 0.0,
      "p90": 0.0012347200000000012,
      "p95": 0.0014662399999999997,
      "p99": 0.0015152
    }
  }
}