{
  "agent": "summary_agent",
  "timestamp": "20250706_132243",
  "metrics": {
    "tokens": {
      "min": 2,
      "max": 947,
      "mean": 324.2,
      "std": 345.62010936865346,
      "count": 20,
      "last_value": 712,
      "p50": 168.5,
      "p90": 780.5000000000002,
      "p95": 912.8000000000001,
      "p99": 940.16
    },
    "cpu": {
      "min": 0.0,
      "max": 0.0,
      "mean": 0.0,
      "std": 0.0,
      "count": 14,
      "last_value": 0.0,
      "p50": 0.0,
      "p90": 0.0,
      "p95": 0.0,
      "p99": 0.0
    },
    "errors": {
      "min": 1,
      "max": 1,
      "mean": 1.0,
      "std": 0.0,
      "count": 16,
      "last_value": 1,
      "p50": 1.0,
      "p90": 1.0,
      "p95": 1.0,
      "p99": 1.0
    },
    "total": {
      "min": 0.00077484,
      "max": 0.0030304,
      "mean": 0.0017981266666666663,
      "std": 0.0009748961332481641,
      "count": 6,
      "last_value": 0.0022784,
      "p50": 0.0016447599999999999,
      "p90": 0.0029728,
      "p95": 0.0030016,
      "p99": 0.00302464
    },
    "memory": {
      "min": 65536,
      "max": 485638144,
      "mean": 296478310.4,
      "std": 188394780.12888134,
      "count": 20,
      "last_value": 65536,
      "p50": 376659968.0,
      "p90": 484899225.6,
      "p95": 485482496.0,
      "p99": 485607014.4
    },
    "latency": {
      "min": 1.867603063583374,
      "max": 4.8260579109191895,
      "mean": 3.1838365395863852,
      "std": 1.1830256175717753,
      "count": 6,
      "last_value": 1.867603063583374,
      "p50": 2.683021068572998,
      "p90": 4.784047484397888,
      "p95": 4.805052697658539,
      "p99": 4.8218568682670595
    },
    "cost": {
      "min": 0.0,
      "max": 0.0015152,
      "mean": 0.00026971899999999997,
      "std": 0.0004909458315730973,
      "count": 20,
      "last_value": 0.0011392,
      "p50": 0.0,
      "p90": 0.0011710400000000004,
      "p95": 0.00146048,
      "p99": 0.0015042559999999998
    }
  }
}