{
  "agent": "summary_agent",
  "timestamp": "20250706_132813",
  "metrics": {
    "tokens": {
      "min": 2,
      "max": 947,
      "mean": 397.625,
      "std": 318.9401736611429,
      "count": 40,
      "last_value": 421,
      "p50": 439.5,
      "p90": 780.5000000000002,
      "p95": 912.8,
      "p99": 947.0
    },
    "cpu": {
      "min": 0.0,
      "max": 0.0,
      "mean": 0.0,
      "std": 0.0,
      "count": 24,
      "last_value": 0.0,
      "p50": 0.0,
      "p90": 0.0,
      "p95": 0.0,
      "p99": 0.0
    },
    "errors": {
      "min": 1,
      "max": 1,
      "mean": 1.0,
      "std": 0.0,
      "count": 16,
      "last_value": 1,
      "p50": 1.0,
      "p90": 1.0,
      "p95": 1.0,
      "p99": 1.0
    },
    "total": {
      "min": 0.0005834400000000001,
      "max": 0.0030304,
      "mean": 0.0016341725,
      "std": 0.0009319611726588988,
      "count": 16,
      "last_value": 0.0013472,
      "p50": 0.0011791599999999998,
      "p90": 0.0029728,
      "p95": 0.0030304,
      "p99": 0.0030304
    },
    "memory": {
      "min": -71663616,
      "max": 485638144,
      "mean": 251886387.2,
      "std": 202591515.22684732,
      "count": 40,
      "last_value": 114688,
      "p50": 376659968.0,
      "p90": 479793971.2,
      "p95": 484867276.8,
      "p99": 485574246.4
    },
    "latency": {
      "min": 0.007552146911621094,
      "max": 4.8260579109191895,
      "mean": 1.726199522614479,
      "std": 1.729399441832229,
      "count": 16,
      "last_value": 0.6679952144622803,
      "p50": 1.3235604763031006,
      "p90": 4.520452976226807,
      "p95": 4.7630422711372375,
      "p99": 4.813454782962799
    },
    "cost": {
      "min": 0.0,
      "max": 0.0015152,
      "mean": 0.0003268345,
      "std": 0.0004970778091202121,
      "count": 40,
      "last_value": 0.0006736,
      "p50": 0.0,
      "p90": 0.0011710400000000004,
      "p95": 0.0014604799999999997,
      "p99": 0.0015152
    }
  }
}