{
  "agent": "research_agent",
  "timestamp": "20250706_132341",
  "metrics": {
    "tokens": {
      "min": 2,
      "max": 947,
      "mean": 393.03333333333336,
      "std": 348.8091630422318,
      "count": 30,
      "last_value": 766,
      "p50": 508.0,
      "p90": 911.0,
      "p95": 930.8,
      "p99": 947.0
    },
    "cpu": {
      "min": 0.0,
      "max": 0.0,
      "mean": 0.0,
      "std": 0.0,
      "count": 19,
      "last_value": 0.0,
      "p50": 0.0,
      "p90": 0.0,
      "p95": 0.0,
      "p99": 0.0
    },
    "errors": {
      "min": 1,
      "max": 1,
      "mean": 1.0,
      "std": 0.0,
      "count": 16,
      "last_value": 1,
      "p50": 1.0,
      "p90": 1.0,
      "p95": 1.0,
      "p99": 1.0
    },
    "total": {
      "min": 0.00077484,
      "max": 0.0030304,
      "mean": 0.0017544654545454544,
      "std": 0.0010069502947411746,
      "count": 11,
      "last_value": 0.00101112,
      "p50": 0.00101112,
      "p90": 0.0030304,
      "p95": 0.0030304,
      "p99": 0.0030304
    },
    "memory": {
      "min": 65536,
      "max": 485638144,
      "mean": 263447074.13333333,
      "std": 196147632.4355757,
      "count": 30,
      "last_value": 114688,
      "p50": 376659968.0,
      "p90": 481665024.0,
      "p95": 485186764.8,
      "p99": 485590630.4
    },
    "latency": {
      "min": 0.007552146911621094,
      "max": 4.8260579109191895,
      "mean": 1.7505295059897683,
      "std": 1.7970336322992484,
      "count": 11,
      "last_value": 0.0163729190826416,
      "p50": 1.867603063583374,
      "p90": 4.742037057876587,
      "p95": 4.784047484397888,
      "p99": 4.8176558256149296
    },
    "cost": {
      "min": 0.0,
      "max": 0.0015152,
      "mean": 0.000321652,
      "std": 0.0005211995467790304,
      "count": 30,
      "last_value": 0.00050556,
      "p50": 0.0,
      "p90": 0.0014575999999999999,
      "p95": 0.0014892799999999997,
      "p99": 0.0015152
    }
  }
}