{
  "agent": "summary_agent",
  "timestamp": "20250706_132229",
  "metrics": {
    "tokens": {
      "min": 2,
      "max": 947,
      "mean": 179.08333333333334,
      "std": 315.16991669397777,
      "count": 12,
      "last_value": 947,
      "p50": 5.0,
      "p90": 586.2,
      "p95": 748.9999999999998,
      "p99": 907.4000000000002
    },
    "cpu": {
      "min": 0.0,
      "max": 0.0,
      "mean": 0.0,
      "std": 0.0,
      "count": 10,
      "last_value": 0.0,
      "p50": 0.0,
      "p90": 0.0,
      "p95": 0.0,
      "p99": 0.0
    },
    "errors": {
      "min": 1,
      "max": 1,
      "mean": 1.0,
      "std": 0.0,
      "count": 16,
      "last_value": 1,
      "p50": 1.0,
      "p90": 1.0,
      "p95": 1.0,
      "p99": 1.0
    },
    "total": {
      "min": 0.00077484,
      "max": 0.0030304,
      "mean": 0.0019026199999999998,
      "std": 0.0011277799999999999,
      "count": 2,
      "last_value": 0.0030304,
      "p50": 0.0019026199999999998,
      "p90": 0.002804844,
      "p95": 0.002917622,
      "p99": 0.0030078444
    },
    "memory": {
      "min": 1376256,
      "max": 478642176,
      "mean": 332376746.6666667,
      "std": 130345829.50101832,
      "count": 12,
      "last_value": 1376256,
      "p50": 376659968.0,
      "p90": 384596377.6,
      "p95": 426962943.99999994,
      "p99": 468306329.6
    },
    "latency": {
      "min": 2.301279067993164,
      "max": 4.742037057876587,
      "mean": 3.5216580629348755,
      "std": 1.2203789949417114,
      "count": 2,
      "last_value": 2.301279067993164,
      "p50": 3.5216580629348755,
      "p90": 4.497961258888244,
      "p95": 4.619999158382416,
      "p99": 4.717629477977753
    },
    "cost": {
      "min": 0.0,
      "max": 0.0015152,
      "mean": 0.00015855166666666666,
      "std": 0.0004227155982815817,
      "count": 12,
      "last_value": 0.0015152,
      "p50": 0.0,
      "p90": 0.0003486780000000001,
      "p95": 0.0008949209999999993,
      "p99": 0.0013911442000000005
    }
  }
}