{
  "agent": "research_agent",
  "timestamp": "20250706_132233",
  "metrics": {
    "tokens": {
      "min": 2,
      "max": 947,
      "mean": 195.92857142857142,
      "std": 314.81501695116003,
      "count": 14,
      "last_value": 590,
      "p50": 6.0,
      "p90": 589.1,
      "p95": 714.9499999999998,
      "p99": 900.5899999999997
    },
    "cpu": {
      "min": 0.0,
      "max": 0.0,
      "mean": 0.0,
      "std": 0.0,
      "count": 11,
      "last_value": 0.0,
      "p50": 0.0,
      "p90": 0.0,
      "p95": 0.0,
      "p99": 0.0
    },
    "errors": {
      "min": 1,
      "max": 1,
      "mean": 1.0,
      "std": 0.0,
      "count": 16,
      "last_value": 1,
      "p50": 1.0,
      "p90": 1.0,
      "p95": 1.0,
      "p99": 1.0
    },
    "total": {
      "min": 0.00077484,
      "max": 0.0030304,
      "mean": 0.001528013333333333,
      "std": 0.0010623490300691618,
      "count": 3,
      "last_value": 0.0007788000000000001,
      "p50": 0.0007788000000000001,
      "p90": 0.0025800800000000002,
      "p95": 0.0028052399999999996,
      "p99": 0.002985368
    },
    "memory": {
      "min": 1376256,
      "max": 481312768,
      "mean": 319504384.0,
      "std": 154013385.95224997,
      "count": 14,
      "last_value": 3227648,
      "p50": 376659968.0,
      "p90": 450453504.0000001,
      "p95": 479576883.2,
      "p99": 480965591.04
    },
    "latency": {
      "min": 2.301279067993164,
      "max": 4.8260579109191895,
      "mean": 3.95645801226298,
      "std": 1.1708907945383886,
      "count": 3,
      "last_value": 4.8260579109191895,
      "p50": 4.742037057876587,
      "p90": 4.809253740310669,
      "p95": 4.8176558256149296,
      "p99": 4.8243774938583375
    },
    "cost": {
      "min": 0.0,
      "max": 0.0015152,
      "mean": 0.00016371571428571425,
      "std": 0.0003984181189352693,
      "count": 14,
      "last_value": 0.00038940000000000003,
      "p50": 0.0,
      "p90": 0.000388806,
      "p95": 0.0007834299999999997,
      "p99": 0.001368845999999999
    }
  }
}