{
  "agent": "research_agent",
  "timestamp": "20250706_132806",
  "metrics": {
    "tokens": {
      "min": 2,
      "max": 947,
      "mean": 396.3235294117647,
      "std": 339.44025902412756,
      "count": 34,
      "last_value": 525,
      "p50": 481.0,
      "p90": 867.4999999999999,
      "p95": 923.5999999999999,
      "p99": 947.0
    },
    "cpu": {
      "min": 0.0,
      "max": 0.0,
      "mean": 0.0,
      "std": 0.0,
      "count": 21,
      "last_value": 0.0,
      "p50": 0.0,
      "p90": 0.0,
      "p95": 0.0,
      "p99": 0.0
    },
    "errors": {
      "min": 1,
      "max": 1,
      "mean": 1.0,
      "std": 0.0,
      "count": 16,
      "last_value": 1,
      "p50": 1.0,
      "p90": 1.0,
      "p95": 1.0,
      "p99": 1.0
    },
    "total": {
      "min": 0.000693,
      "max": 0.0030304,
      "mean": 0.001713116923076923,
      "std": 0.0009818517850813612,
      "count": 13,
      "last_value": 0.000693,
      "p50": 0.00101112,
      "p90": 0.00300736,
      "p95": 0.0030304,
      "p99": 0.0030304
    },
    "memory": {
      "min": 65536,
      "max": 485638144,
      "mean": 258233042.82352942,
      "std": 194099877.53791502,
      "count": 34,
      "last_value": 99565568,
      "p50": 376659968.0,
      "p90": 480511590.4,
      "p95": 485058969.6,
      "p99": 485584076.8
    },
    "latency": {
      "min": 0.007552146911621094,
      "max": 4.8260579109191895,
      "mean": 1.8131398604466364,
      "std": 1.8599805929511315,
      "count": 13,
      "last_value": 4.298868894577026,
      "p50": 1.867603063583374,
      "p90": 4.653403425216675,
      "p95": 4.775645399093627,
      "p99": 4.815975408554077
    },
    "cost": {
      "min": 0.0,
      "max": 0.0015152,
      "mean": 0.00032750764705882345,
      "std": 0.0005151877267220676,
      "count": 34,
      "last_value": 0.0003465,
      "p50": 0.0,
      "p90": 0.0013620799999999997,
      "p95": 0.0014777599999999998,
      "p99": 0.0015152
    }
  }
}