{
  "agent": "research_agent",
  "timestamp": "20250706_132828",
  "metrics": {
    "tokens": {
      "min": 2,
      "max": 947,
      "mean": 390.72,
      "std": 296.8921043072719,
      "count": 50,
      "last_value": 491,
      "p50": 444.5,
      "p90": 766.0,
      "p95": 911.0,
      "p99": 947.0
    },
    "cpu": {
      "min": 0.0,
      "max": 0.0,
      "mean": 0.0,
      "std": 0.0,
      "count": 29,
      "last_value": 0.0,
      "p50": 0.0,
      "p90": 0.0,
      "p95": 0.0,
      "p99": 0.0
    },
    "errors": {
      "min": 1,
      "max": 1,
      "mean": 1.0,
      "std": 0.0,
      "count": 16,
      "last_value": 1,
      "p50": 1.0,
      "p90": 1.0,
      "p95": 1.0,
      "p99": 1.0
    },
    "total": {
      "min": 0.0005834400000000001,
      "max": 0.0030304,
      "mean": 0.0014932304761904765,
      "std": 0.0008817340025982146,
      "count": 21,
      "last_value": 0.0006481200000000001,
      "p50": 0.00101112,
      "p90": 0.0029151999999999997,
      "p95": 0.0030304,
      "p99": 0.0030304
    },
    "memory": {
      "min": -71663616,
      "max": 485638144,
      "mean": 238858076.16,
      "std": 202276120.7285081,
      "count": 50,
      "last_value": 20152320,
      "p50": 375701504.0,
      "p90": 479286067.2,
      "p95": 483250176.0,
      "p99": 485557862.4
    },
    "latency": {
      "min": 0.007552146911621094,
      "max": 4.8260579109191895,
      "mean": 1.8218475523449125,
      "std": 1.623903754860872,
      "count": 21,
      "last_value": 2.669936180114746,
      "p50": 1.867603063583374,
      "p90": 4.298868894577026,
      "p95": 4.742037057876587,
      "p99": 4.809253740310669
    },
    "cost": {
      "min": 0.0,
      "max": 0.0015152,
      "mean": 0.0003135784,
      "std": 0.0004662872057235111,
      "count": 50,
      "last_value": 0.00032406000000000004,
      "p50": 0.0,
      "p90": 0.0011392,
      "p95": 0.0014575999999999999,
      "p99": 0.0015152
    }
  }
}