{
  "agent": "research_agent",
  "timestamp": "20250706_132817",
  "metrics": {
    "tokens": {
      "min": 2,
      "max": 947,
      "mean": 392.26190476190476,
      "std": 315.06326345247595,
      "count": 42,
      "last_value": 480,
      "p50": 439.5,
      "p90": 766.0,
      "p95": 911.0,
      "p99": 947.0
    },
    "cpu": {
      "min": 0.0,
      "max": 0.0,
      "mean": 0.0,
      "std": 0.0,
      "count": 25,
      "last_value": 0.0,
      "p50": 0.0,
      "p90": 0.0,
      "p95": 0.0,
      "p99": 0.0
    },
    "errors": {
      "min": 1,
      "max": 1,
      "mean": 1.0,
      "std": 0.0,
      "count": 16,
      "last_value": 1,
      "p50": 1.0,
      "p90": 1.0,
      "p95": 1.0,
      "p99": 1.0
    },
    "total": {
      "min": 0.0005834400000000001,
      "max": 0.0030304,
      "mean": 0.0015753152941176472,
      "std": 0.0009342842640735749,
      "count": 17,
      "last_value": 0.0006336,
      "p50": 0.00101112,
      "p90": 0.0029612799999999997,
      "p95": 0.0030304,
      "p99": 0.0030304
    },
    "memory": {
      "min": -71663616,
      "max": 485638144,
      "mean": 249632475.42857143,
      "std": 202898216.34200922,
      "count": 42,
      "last_value": 786432,
      "p50": 376659968.0,
      "p90": 479587532.8,
      "p95": 484659200.0,
      "p99": 485570969.6
    },
    "latency": {
      "min": 0.007552146911621094,
      "max": 4.8260579109191895,
      "mean": 1.838325766956105,
      "std": 1.7366774061380574,
      "count": 17,
      "last_value": 3.632345676422119,
      "p50": 1.867603063583374,
      "p90": 4.476136159896851,
      "p95": 4.758841228485108,
      "p99": 4.812614574432373
    },
    "cost": {
      "min": 0.0,
      "max": 0.0015152,
      "mean": 0.0003188138095238095,
      "std": 0.0004876492077496085,
      "count": 42,
      "last_value": 0.0003168,
      "p50": 0.0,
      "p90": 0.0011392,
      "p95": 0.0014575999999999999,
      "p99": 0.0015152
    }
  }
}