{
  "agent": "summary_agent",
  "timestamp": "20250706_132808",
  "metrics": {
    "tokens": {
      "min": 2,
      "max": 947,
      "mean": 405.52777777777777,
      "std": 332.2293791035136,
      "count": 36,
      "last_value": 608,
      "p50": 520.5,
      "p90": 838.5,
      "p95": 920.0,
      "p99": 947.0
    },
    "cpu": {
      "min": 0.0,
      "max": 0.0,
      "mean": 0.0,
      "std": 0.0,
      "count": 22,
      "last_value": 0.0,
      "p50": 0.0,
      "p90": 0.0,
      "p95": 0.0,
      "p99": 0.0
    },
    "errors": {
      "min": 1,
      "max": 1,
      "mean": 1.0,
      "std": 0.0,
      "count": 16,
      "last_value": 1,
      "p50": 1.0,
      "p90": 1.0,
      "p95": 1.0,
      "p99": 1.0
    },
    "total": {
      "min": 0.000693,
      "max": 0.0030304,
      "mean": 0.0017297228571428569,
      "std": 0.0009480286254224648,
      "count": 14,
      "last_value": 0.0019456,
      "p50": 0.00147836,
      "p90": 0.00299584,
      "p95": 0.0030304,
      "p99": 0.0030304
    },
    "memory": {
      "min": 65536,
      "max": 485638144,
      "mean": 257202403.55555555,
      "std": 196947296.24651667,
      "count": 36,
      "last_value": 114688,
      "p50": 376659968.0,
      "p90": 480280576.0,
      "p95": 484995072.0,
      "p99": 485580800.0
    },
    "latency": {
      "min": 0.007552146911621094,
      "max": 4.8260579109191895,
      "mean": 1.7393097196306502,
      "std": 1.8119824069652528,
      "count": 14,
      "last_value": 0.7795178890228271,
      "p50": 1.3235604763031006,
      "p90": 4.609086608886719,
      "p95": 4.7714443564414974,
      "p99": 4.815135200023651
    },
    "cost": {
      "min": 0.0,
      "max": 0.0015152,
      "mean": 0.0003363349999999999,
      "std": 0.0005149186470237583,
      "count": 36,
      "last_value": 0.0009728,
      "p50": 0.0,
      "p90": 0.0012984,
      "p95": 0.0014719999999999998,
      "p99": 0.0015152
    }
  }
}