{
  "agent": "research_agent",
  "timestamp": "20250706_132822",
  "metrics": {
    "tokens": {
      "min": 2,
      "max": 947,
      "mean": 390.6304347826087,
      "std": 305.2767353741201,
      "count": 46,
      "last_value": 538,
      "p50": 439.5,
      "p90": 766.0,
      "p95": 911.0,
      "p99": 947.0
    },
    "cpu": {
      "min": 0.0,
      "max": 0.0,
      "mean": 0.0,
      "std": 0.0,
      "count": 27,
      "last_value": 0.0,
      "p50": 0.0,
      "p90": 0.0,
      "p95": 0.0,
      "p99": 0.0
    },
    "errors": {
      "min": 1,
      "max": 1,
      "mean": 1.0,
      "std": 0.0,
      "count": 16,
      "last_value": 1,
      "p50": 1.0,
      "p90": 1.0,
      "p95": 1.0,
      "p99": 1.0
    },
    "total": {
      "min": 0.0005834400000000001,
      "max": 0.0030304,
      "mean": 0.0015265326315789477,
      "std": 0.0009045547817040164,
      "count": 19,
      "last_value": 0.00071016,
      "p50": 0.00101112,
      "p90": 0.0029382399999999995,
      "p95": 0.0030304,
      "p99": 0.0030304
    },
    "memory": {
      "min": -71663616,
      "max": 485638144,
      "mean": 244277604.17391303,
      "std": 204189352.8736236,
      "count": 46,
      "last_value": -40861696,
      "p50": 376659968.0,
      "p90": 479436800.0,
      "p95": 483954688.0,
      "p99": 485564416.0
    },
    "latency": {
      "min": 0.007552146911621094,
      "max": 4.8260579109191895,
      "mean": 1.8353057535071122,
      "std": 1.6770474314230182,
      "count": 19,
      "last_value": 2.8495821952819824,
      "p50": 1.867603063583374,
      "p90": 4.387502527236938,
      "p95": 4.750439143180847,
      "p99": 4.810934157371521
    },
    "cost": {
      "min": 0.0,
      "max": 0.0015152,
      "mean": 0.0003152621739130435,
      "std": 0.0004751092522637067,
      "count": 46,
      "last_value": 0.00035508,
      "p50": 0.0,
      "p90": 0.0011392,
      "p95": 0.0014575999999999999,
      "p99": 0.0015152
    }
  }
}