{
  "agent": "research_agent",
  "timestamp": "20250706_132833",
  "metrics": {
    "tokens": {
      "min": 2,
      "max": 947,
      "mean": 388.1111111111111,
      "std": 288.8682043876979,
      "count": 54,
      "last_value": 450,
      "p50": 444.5,
      "p90": 749.8000000000002,
      "p95": 911.0,
      "p99": 947.0
    },
    "cpu": {
      "min": 0.0,
      "max": 0.0,
      "mean": 0.0,
      "std": 0.0,
      "count": 31,
      "last_value": 0.0,
      "p50": 0.0,
      "p90": 0.0,
      "p95": 0.0,
      "p99": 0.0
    },
    "errors": {
      "min": 1,
      "max": 1,
      "mean": 1.0,
      "std": 0.0,
      "count": 16,
      "last_value": 1,
      "p50": 1.0,
      "p90": 1.0,
      "p95": 1.0,
      "p99": 1.0
    },
    "total": {
      "min": 0.0005834400000000001,
      "max": 0.0030304,
      "mean": 0.0014561321739130434,
      "std": 0.0008623936857423743,
      "count": 23,
      "last_value": 0.000594,
      "p50": 0.00101112,
      "p90": 0.0029151999999999997,
      "p95": 0.00301888,
      "p99": 0.0030304
    },
    "memory": {
      "min": -71663616,
      "max": 485638144,
      "mean": 234630712.8888889,
      "std": 201375200.3644998,
      "count": 54,
      "last_value": 229376,
      "p50": 367149056.0,
      "p90": 479066521.6,
      "p95": 482545664.0,
      "p99": 485551308.8
    },
    "latency": {
      "min": 0.007552146911621094,
      "max": 4.8260579109191895,
      "mean": 1.7919915862705396,
      "std": 1.5724626051909483,
      "count": 23,
      "last_value": 2.2775938510894775,
      "p50": 1.867603063583374,
      "p90": 4.165564250946045,
      "p95": 4.69772024154663,
      "p99": 4.807573323249817
    },
    "cost": {
      "min": 0.0,
      "max": 0.0015152,
      "mean": 0.00031010222222222216,
      "std": 0.00045695102165073907,
      "count": 54,
      "last_value": 0.000297,
      "p50": 0.0,
      "p90": 0.0010892800000000004,
      "p95": 0.0014575999999999999,
      "p99": 0.0015152
    }
  }
}